用户ID,cluster_name
U00000277,中价值_抗衰+抗氧化_中活跃中频高消费
U00000413,中价值_抗衰+抗氧化_中活跃中频高消费
U00000496,中价值_抗衰+抗氧化_中活跃中频高消费
U00000897,中价值_抗衰+抗氧化_中活跃中频高消费
U00001053,中价值_抗衰+抗氧化_中活跃中频高消费
U00001272,中价值_抗衰+抗氧化_中活跃中频高消费
U00001901,中价值_抗衰+抗氧化_中活跃中频高消费
U00001905,中价值_抗衰+抗氧化_中活跃中频高消费
U00001979,中价值_抗衰+抗氧化_中活跃中频高消费
U00002029,中价值_抗衰+抗氧化_中活跃中频高消费
U00002093,中价值_抗衰+抗氧化_中活跃中频高消费
U00002272,中价值_抗衰+抗氧化_中活跃中频高消费
U00002300,中价值_抗衰+抗氧化_中活跃中频高消费
U00002308,中价值_抗衰+抗氧化_中活跃中频高消费
U00002520,中价值_抗衰+抗氧化_中活跃中频高消费
U00002591,中价值_抗衰+抗氧化_中活跃中频高消费
U00002891,中价值_抗衰+抗氧化_中活跃中频高消费
U00002948,中价值_抗衰+抗氧化_中活跃中频高消费
U00003302,中价值_抗衰+抗氧化_中活跃中频高消费
U00003774,中价值_抗衰+抗氧化_中活跃中频高消费
U00003969,中价值_抗衰+抗氧化_中活跃中频高消费
U00004045,中价值_抗衰+抗氧化_中活跃中频高消费
U00004058,中价值_抗衰+抗氧化_中活跃中频高消费
U00004242,中价值_抗衰+抗氧化_中活跃中频高消费
U00004554,中价值_抗衰+抗氧化_中活跃中频高消费
U00004575,中价值_抗衰+抗氧化_中活跃中频高消费
U00004596,中价值_抗衰+抗氧化_中活跃中频高消费
U00004600,中价值_抗衰+抗氧化_中活跃中频高消费
U00004650,中价值_抗衰+抗氧化_中活跃中频高消费
U00004663,中价值_抗衰+抗氧化_中活跃中频高消费
U00004824,中价值_抗衰+抗氧化_中活跃中频高消费
U00005068,中价值_抗衰+抗氧化_中活跃中频高消费
U00005079,中价值_抗衰+抗氧化_中活跃中频高消费
U00005115,中价值_抗衰+抗氧化_中活跃中频高消费
U00005196,中价值_抗衰+抗氧化_中活跃中频高消费
U00005362,中价值_抗衰+抗氧化_中活跃中频高消费
U00005374,中价值_抗衰+抗氧化_中活跃中频高消费
U00005456,中价值_抗衰+抗氧化_中活跃中频高消费
U00005500,中价值_抗衰+抗氧化_中活跃中频高消费
U00005521,中价值_抗衰+抗氧化_中活跃中频高消费
U00005694,中价值_抗衰+抗氧化_中活跃中频高消费
U00005751,中价值_抗衰+抗氧化_中活跃中频高消费
U00005938,中价值_抗衰+抗氧化_中活跃中频高消费
U00006308,中价值_抗衰+抗氧化_中活跃中频高消费
U00006438,中价值_抗衰+抗氧化_中活跃中频高消费
U00006461,中价值_抗衰+抗氧化_中活跃中频高消费
U00006625,中价值_抗衰+抗氧化_中活跃中频高消费
U00006707,中价值_抗衰+抗氧化_中活跃中频高消费
U00006746,中价值_抗衰+抗氧化_中活跃中频高消费
U00006906,中价值_抗衰+抗氧化_中活跃中频高消费
U00007085,中价值_抗衰+抗氧化_中活跃中频高消费
U00007090,中价值_抗衰+抗氧化_中活跃中频高消费
U00007358,中价值_抗衰+抗氧化_中活跃中频高消费
U00007450,中价值_抗衰+抗氧化_中活跃中频高消费
U00007510,中价值_抗衰+抗氧化_中活跃中频高消费
U00007556,中价值_抗衰+抗氧化_中活跃中频高消费
U00007567,中价值_抗衰+抗氧化_中活跃中频高消费
U00007628,中价值_抗衰+抗氧化_中活跃中频高消费
U00008169,中价值_抗衰+抗氧化_中活跃中频高消费
U00008292,中价值_抗衰+抗氧化_中活跃中频高消费
U00008658,中价值_抗衰+抗氧化_中活跃中频高消费
U00008913,中价值_抗衰+抗氧化_中活跃中频高消费
U00009034,中价值_抗衰+抗氧化_中活跃中频高消费
U00009051,中价值_抗衰+抗氧化_中活跃中频高消费
U00009108,中价值_抗衰+抗氧化_中活跃中频高消费
U00009370,中价值_抗衰+抗氧化_中活跃中频高消费
U00009486,中价值_抗衰+抗氧化_中活跃中频高消费
U00009690,中价值_抗衰+抗氧化_中活跃中频高消费
U00009754,中价值_抗衰+抗氧化_中活跃中频高消费
U00009980,中价值_抗衰+抗氧化_中活跃中频高消费
U00010234,中价值_抗衰+抗氧化_中活跃中频高消费
U00010322,中价值_抗衰+抗氧化_中活跃中频高消费
U00010373,中价值_抗衰+抗氧化_中活跃中频高消费
U00010477,中价值_抗衰+抗氧化_中活跃中频高消费
U00010631,中价值_抗衰+抗氧化_中活跃中频高消费
U00010727,中价值_抗衰+抗氧化_中活跃中频高消费
U00010758,中价值_抗衰+抗氧化_中活跃中频高消费
U00010981,中价值_抗衰+抗氧化_中活跃中频高消费
U00011009,中价值_抗衰+抗氧化_中活跃中频高消费
U00011129,中价值_抗衰+抗氧化_中活跃中频高消费
U00011145,中价值_抗衰+抗氧化_中活跃中频高消费
U00011200,中价值_抗衰+抗氧化_中活跃中频高消费
U00011554,中价值_抗衰+抗氧化_中活跃中频高消费
U00011641,中价值_抗衰+抗氧化_中活跃中频高消费
U00011714,中价值_抗衰+抗氧化_中活跃中频高消费
U00011888,中价值_抗衰+抗氧化_中活跃中频高消费
U00012256,中价值_抗衰+抗氧化_中活跃中频高消费
U00012401,中价值_抗衰+抗氧化_中活跃中频高消费
U00012415,中价值_抗衰+抗氧化_中活跃中频高消费
U00012539,中价值_抗衰+抗氧化_中活跃中频高消费
U00012710,中价值_抗衰+抗氧化_中活跃中频高消费
U00012806,中价值_抗衰+抗氧化_中活跃中频高消费
U00012914,中价值_抗衰+抗氧化_中活跃中频高消费
U00012952,中价值_抗衰+抗氧化_中活跃中频高消费
U00012989,中价值_抗衰+抗氧化_中活跃中频高消费
U00013102,中价值_抗衰+抗氧化_中活跃中频高消费
U00013145,中价值_抗衰+抗氧化_中活跃中频高消费
U00013166,中价值_抗衰+抗氧化_中活跃中频高消费
U00013357,中价值_抗衰+抗氧化_中活跃中频高消费
U00013646,中价值_抗衰+抗氧化_中活跃中频高消费
U00013683,中价值_抗衰+抗氧化_中活跃中频高消费
U00013756,中价值_抗衰+抗氧化_中活跃中频高消费
U00014117,中价值_抗衰+抗氧化_中活跃中频高消费
U00014118,中价值_抗衰+抗氧化_中活跃中频高消费
U00014796,中价值_抗衰+抗氧化_中活跃中频高消费
U00014808,中价值_抗衰+抗氧化_中活跃中频高消费
U00015012,中价值_抗衰+抗氧化_中活跃中频高消费
U00015020,中价值_抗衰+抗氧化_中活跃中频高消费
U00015076,中价值_抗衰+抗氧化_中活跃中频高消费
U00015154,中价值_抗衰+抗氧化_中活跃中频高消费
U00015547,中价值_抗衰+抗氧化_中活跃中频高消费
U00015597,中价值_抗衰+抗氧化_中活跃中频高消费
U00015680,中价值_抗衰+抗氧化_中活跃中频高消费
U00015895,中价值_抗衰+抗氧化_中活跃中频高消费
U00015984,中价值_抗衰+抗氧化_中活跃中频高消费
U00016078,中价值_抗衰+抗氧化_中活跃中频高消费
U00017177,中价值_抗衰+抗氧化_中活跃中频高消费
U00017194,中价值_抗衰+抗氧化_中活跃中频高消费
U00017252,中价值_抗衰+抗氧化_中活跃中频高消费
U00017619,中价值_抗衰+抗氧化_中活跃中频高消费
U00017713,中价值_抗衰+抗氧化_中活跃中频高消费
U00017740,中价值_抗衰+抗氧化_中活跃中频高消费
U00017781,中价值_抗衰+抗氧化_中活跃中频高消费
U00017788,中价值_抗衰+抗氧化_中活跃中频高消费
U00017808,中价值_抗衰+抗氧化_中活跃中频高消费
U00018026,中价值_抗衰+抗氧化_中活跃中频高消费
U00018182,中价值_抗衰+抗氧化_中活跃中频高消费
U00018437,中价值_抗衰+抗氧化_中活跃中频高消费
U00018478,中价值_抗衰+抗氧化_中活跃中频高消费
U00018575,中价值_抗衰+抗氧化_中活跃中频高消费
U00018649,中价值_抗衰+抗氧化_中活跃中频高消费
U00018695,中价值_抗衰+抗氧化_中活跃中频高消费
U00018842,中价值_抗衰+抗氧化_中活跃中频高消费
U00019044,中价值_抗衰+抗氧化_中活跃中频高消费
U00019182,中价值_抗衰+抗氧化_中活跃中频高消费
U00019190,中价值_抗衰+抗氧化_中活跃中频高消费
U00019199,中价值_抗衰+抗氧化_中活跃中频高消费
U00019481,中价值_抗衰+抗氧化_中活跃中频高消费
U00019510,中价值_抗衰+抗氧化_中活跃中频高消费
U00019657,中价值_抗衰+抗氧化_中活跃中频高消费
U00019784,中价值_抗衰+抗氧化_中活跃中频高消费
U00019788,中价值_抗衰+抗氧化_中活跃中频高消费
U00019800,中价值_抗衰+抗氧化_中活跃中频高消费
U00019995,中价值_抗衰+抗氧化_中活跃中频高消费
U00020134,中价值_抗衰+抗氧化_中活跃中频高消费
U00020188,中价值_抗衰+抗氧化_中活跃中频高消费
U00020305,中价值_抗衰+抗氧化_中活跃中频高消费
U00020417,中价值_抗衰+抗氧化_中活跃中频高消费
U00020577,中价值_抗衰+抗氧化_中活跃中频高消费
U00020603,中价值_抗衰+抗氧化_中活跃中频高消费
U00020618,中价值_抗衰+抗氧化_中活跃中频高消费
U00020753,中价值_抗衰+抗氧化_中活跃中频高消费
U00020766,中价值_抗衰+抗氧化_中活跃中频高消费
U00020807,中价值_抗衰+抗氧化_中活跃中频高消费
U00020967,中价值_抗衰+抗氧化_中活跃中频高消费
U00020994,中价值_抗衰+抗氧化_中活跃中频高消费
U00021129,中价值_抗衰+抗氧化_中活跃中频高消费
U00021143,中价值_抗衰+抗氧化_中活跃中频高消费
U00021170,中价值_抗衰+抗氧化_中活跃中频高消费
U00021176,中价值_抗衰+抗氧化_中活跃中频高消费
U00021361,中价值_抗衰+抗氧化_中活跃中频高消费
U00021429,中价值_抗衰+抗氧化_中活跃中频高消费
U00021829,中价值_抗衰+抗氧化_中活跃中频高消费
U00021911,中价值_抗衰+抗氧化_中活跃中频高消费
U00021922,中价值_抗衰+抗氧化_中活跃中频高消费
U00022103,中价值_抗衰+抗氧化_中活跃中频高消费
U00022176,中价值_抗衰+抗氧化_中活跃中频高消费
U00022282,中价值_抗衰+抗氧化_中活跃中频高消费
U00022501,中价值_抗衰+抗氧化_中活跃中频高消费
U00022591,中价值_抗衰+抗氧化_中活跃中频高消费
U00022663,中价值_抗衰+抗氧化_中活跃中频高消费
U00022743,中价值_抗衰+抗氧化_中活跃中频高消费
U00022942,中价值_抗衰+抗氧化_中活跃中频高消费
U00023110,中价值_抗衰+抗氧化_中活跃中频高消费
U00023200,中价值_抗衰+抗氧化_中活跃中频高消费
U00023435,中价值_抗衰+抗氧化_中活跃中频高消费
U00023439,中价值_抗衰+抗氧化_中活跃中频高消费
U00023684,中价值_抗衰+抗氧化_中活跃中频高消费
U00023914,中价值_抗衰+抗氧化_中活跃中频高消费
U00023951,中价值_抗衰+抗氧化_中活跃中频高消费
U00024040,中价值_抗衰+抗氧化_中活跃中频高消费
U00024132,中价值_抗衰+抗氧化_中活跃中频高消费
U00024379,中价值_抗衰+抗氧化_中活跃中频高消费
U00024458,中价值_抗衰+抗氧化_中活跃中频高消费
U00024539,中价值_抗衰+抗氧化_中活跃中频高消费
U00024647,中价值_抗衰+抗氧化_中活跃中频高消费
U00024687,中价值_抗衰+抗氧化_中活跃中频高消费
U00024721,中价值_抗衰+抗氧化_中活跃中频高消费
U00024814,中价值_抗衰+抗氧化_中活跃中频高消费
U00024938,中价值_抗衰+抗氧化_中活跃中频高消费
U00024968,中价值_抗衰+抗氧化_中活跃中频高消费
U00025206,中价值_抗衰+抗氧化_中活跃中频高消费
U00025226,中价值_抗衰+抗氧化_中活跃中频高消费
U00025257,中价值_抗衰+抗氧化_中活跃中频高消费
U00025258,中价值_抗衰+抗氧化_中活跃中频高消费
U00025426,中价值_抗衰+抗氧化_中活跃中频高消费
U00025469,中价值_抗衰+抗氧化_中活跃中频高消费
U00025802,中价值_抗衰+抗氧化_中活跃中频高消费
U00026150,中价值_抗衰+抗氧化_中活跃中频高消费
U00026208,中价值_抗衰+抗氧化_中活跃中频高消费
U00026222,中价值_抗衰+抗氧化_中活跃中频高消费
U00026288,中价值_抗衰+抗氧化_中活跃中频高消费
U00026320,中价值_抗衰+抗氧化_中活跃中频高消费
U00026350,中价值_抗衰+抗氧化_中活跃中频高消费
U00026412,中价值_抗衰+抗氧化_中活跃中频高消费
U00026413,中价值_抗衰+抗氧化_中活跃中频高消费
U00026562,中价值_抗衰+抗氧化_中活跃中频高消费
U00026565,中价值_抗衰+抗氧化_中活跃中频高消费
U00026681,中价值_抗衰+抗氧化_中活跃中频高消费
U00027000,中价值_抗衰+抗氧化_中活跃中频高消费
U00027019,中价值_抗衰+抗氧化_中活跃中频高消费
U00027088,中价值_抗衰+抗氧化_中活跃中频高消费
U00027130,中价值_抗衰+抗氧化_中活跃中频高消费
U00027149,中价值_抗衰+抗氧化_中活跃中频高消费
U00027171,中价值_抗衰+抗氧化_中活跃中频高消费
U00027249,中价值_抗衰+抗氧化_中活跃中频高消费
U00027295,中价值_抗衰+抗氧化_中活跃中频高消费
U00027401,中价值_抗衰+抗氧化_中活跃中频高消费
U00027420,中价值_抗衰+抗氧化_中活跃中频高消费
U00027540,中价值_抗衰+抗氧化_中活跃中频高消费
U00027599,中价值_抗衰+抗氧化_中活跃中频高消费
U00027651,中价值_抗衰+抗氧化_中活跃中频高消费
U00027783,中价值_抗衰+抗氧化_中活跃中频高消费
U00027938,中价值_抗衰+抗氧化_中活跃中频高消费
U00027987,中价值_抗衰+抗氧化_中活跃中频高消费
U00028015,中价值_抗衰+抗氧化_中活跃中频高消费
U00028054,中价值_抗衰+抗氧化_中活跃中频高消费
U00028080,中价值_抗衰+抗氧化_中活跃中频高消费
U00028218,中价值_抗衰+抗氧化_中活跃中频高消费
U00028398,中价值_抗衰+抗氧化_中活跃中频高消费
U00028508,中价值_抗衰+抗氧化_中活跃中频高消费
U00028608,中价值_抗衰+抗氧化_中活跃中频高消费
U00028708,中价值_抗衰+抗氧化_中活跃中频高消费
U00028833,中价值_抗衰+抗氧化_中活跃中频高消费
U00028891,中价值_抗衰+抗氧化_中活跃中频高消费
U00028896,中价值_抗衰+抗氧化_中活跃中频高消费
U00029385,中价值_抗衰+抗氧化_中活跃中频高消费
U00029413,中价值_抗衰+抗氧化_中活跃中频高消费
U00029455,中价值_抗衰+抗氧化_中活跃中频高消费
U00029517,中价值_抗衰+抗氧化_中活跃中频高消费
U00029610,中价值_抗衰+抗氧化_中活跃中频高消费
U00029683,中价值_抗衰+抗氧化_中活跃中频高消费
U00029735,中价值_抗衰+抗氧化_中活跃中频高消费
U00029782,中价值_抗衰+抗氧化_中活跃中频高消费
U00029817,中价值_抗衰+抗氧化_中活跃中频高消费
U00030321,中价值_抗衰+抗氧化_中活跃中频高消费
U00030397,中价值_抗衰+抗氧化_中活跃中频高消费
U00030408,中价值_抗衰+抗氧化_中活跃中频高消费
U00030416,中价值_抗衰+抗氧化_中活跃中频高消费
U00030530,中价值_抗衰+抗氧化_中活跃中频高消费
U00030763,中价值_抗衰+抗氧化_中活跃中频高消费
U00030820,中价值_抗衰+抗氧化_中活跃中频高消费
U00031008,中价值_抗衰+抗氧化_中活跃中频高消费
U00031024,中价值_抗衰+抗氧化_中活跃中频高消费
U00031377,中价值_抗衰+抗氧化_中活跃中频高消费
U00031407,中价值_抗衰+抗氧化_中活跃中频高消费
U00031465,中价值_抗衰+抗氧化_中活跃中频高消费
U00031773,中价值_抗衰+抗氧化_中活跃中频高消费
U00031973,中价值_抗衰+抗氧化_中活跃中频高消费
U00032115,中价值_抗衰+抗氧化_中活跃中频高消费
U00032120,中价值_抗衰+抗氧化_中活跃中频高消费
U00032479,中价值_抗衰+抗氧化_中活跃中频高消费
U00032563,中价值_抗衰+抗氧化_中活跃中频高消费
U00032575,中价值_抗衰+抗氧化_中活跃中频高消费
U00032654,中价值_抗衰+抗氧化_中活跃中频高消费
U00032688,中价值_抗衰+抗氧化_中活跃中频高消费
U00032840,中价值_抗衰+抗氧化_中活跃中频高消费
U00033504,中价值_抗衰+抗氧化_中活跃中频高消费
U00033848,中价值_抗衰+抗氧化_中活跃中频高消费
U00033951,中价值_抗衰+抗氧化_中活跃中频高消费
U00034179,中价值_抗衰+抗氧化_中活跃中频高消费
U00034239,中价值_抗衰+抗氧化_中活跃中频高消费
U00034336,中价值_抗衰+抗氧化_中活跃中频高消费
U00034601,中价值_抗衰+抗氧化_中活跃中频高消费
U00034722,中价值_抗衰+抗氧化_中活跃中频高消费
U00034758,中价值_抗衰+抗氧化_中活跃中频高消费
U00034770,中价值_抗衰+抗氧化_中活跃中频高消费
U00034919,中价值_抗衰+抗氧化_中活跃中频高消费
U00035029,中价值_抗衰+抗氧化_中活跃中频高消费
U00035092,中价值_抗衰+抗氧化_中活跃中频高消费
U00035134,中价值_抗衰+抗氧化_中活跃中频高消费
U00035163,中价值_抗衰+抗氧化_中活跃中频高消费
U00035191,中价值_抗衰+抗氧化_中活跃中频高消费
U00035244,中价值_抗衰+抗氧化_中活跃中频高消费
U00035289,中价值_抗衰+抗氧化_中活跃中频高消费
U00035346,中价值_抗衰+抗氧化_中活跃中频高消费
U00035564,中价值_抗衰+抗氧化_中活跃中频高消费
U00035656,中价值_抗衰+抗氧化_中活跃中频高消费
U00036068,中价值_抗衰+抗氧化_中活跃中频高消费
U00036166,中价值_抗衰+抗氧化_中活跃中频高消费
U00036283,中价值_抗衰+抗氧化_中活跃中频高消费
U00036299,中价值_抗衰+抗氧化_中活跃中频高消费
U00036303,中价值_抗衰+抗氧化_中活跃中频高消费
U00036376,中价值_抗衰+抗氧化_中活跃中频高消费
U00036490,中价值_抗衰+抗氧化_中活跃中频高消费
U00036512,中价值_抗衰+抗氧化_中活跃中频高消费
U00036559,中价值_抗衰+抗氧化_中活跃中频高消费
U00036587,中价值_抗衰+抗氧化_中活跃中频高消费
U00036730,中价值_抗衰+抗氧化_中活跃中频高消费
U00036810,中价值_抗衰+抗氧化_中活跃中频高消费
U00036828,中价值_抗衰+抗氧化_中活跃中频高消费
U00036880,中价值_抗衰+抗氧化_中活跃中频高消费
U00037022,中价值_抗衰+抗氧化_中活跃中频高消费
U00037085,中价值_抗衰+抗氧化_中活跃中频高消费
U00037241,中价值_抗衰+抗氧化_中活跃中频高消费
U00037252,中价值_抗衰+抗氧化_中活跃中频高消费
U00037423,中价值_抗衰+抗氧化_中活跃中频高消费
U00037573,中价值_抗衰+抗氧化_中活跃中频高消费
U00037580,中价值_抗衰+抗氧化_中活跃中频高消费
U00037619,中价值_抗衰+抗氧化_中活跃中频高消费
U00037779,中价值_抗衰+抗氧化_中活跃中频高消费
U00037917,中价值_抗衰+抗氧化_中活跃中频高消费
U00038291,中价值_抗衰+抗氧化_中活跃中频高消费
U00038385,中价值_抗衰+抗氧化_中活跃中频高消费
U00038901,中价值_抗衰+抗氧化_中活跃中频高消费
U00038903,中价值_抗衰+抗氧化_中活跃中频高消费
U00038932,中价值_抗衰+抗氧化_中活跃中频高消费
U00038949,中价值_抗衰+抗氧化_中活跃中频高消费
U00039067,中价值_抗衰+抗氧化_中活跃中频高消费
U00039206,中价值_抗衰+抗氧化_中活跃中频高消费
U00039229,中价值_抗衰+抗氧化_中活跃中频高消费
U00039335,中价值_抗衰+抗氧化_中活跃中频高消费
U00039406,中价值_抗衰+抗氧化_中活跃中频高消费
U00039616,中价值_抗衰+抗氧化_中活跃中频高消费
U00039860,中价值_抗衰+抗氧化_中活跃中频高消费
U00039863,中价值_抗衰+抗氧化_中活跃中频高消费
U00040012,中价值_抗衰+抗氧化_中活跃中频高消费
U00040030,中价值_抗衰+抗氧化_中活跃中频高消费
U00040110,中价值_抗衰+抗氧化_中活跃中频高消费
U00040147,中价值_抗衰+抗氧化_中活跃中频高消费
U00040162,中价值_抗衰+抗氧化_中活跃中频高消费
U00040227,中价值_抗衰+抗氧化_中活跃中频高消费
U00040288,中价值_抗衰+抗氧化_中活跃中频高消费
U00040357,中价值_抗衰+抗氧化_中活跃中频高消费
U00040366,中价值_抗衰+抗氧化_中活跃中频高消费
U00040375,中价值_抗衰+抗氧化_中活跃中频高消费
U00040733,中价值_抗衰+抗氧化_中活跃中频高消费
U00040875,中价值_抗衰+抗氧化_中活跃中频高消费
U00040942,中价值_抗衰+抗氧化_中活跃中频高消费
U00040997,中价值_抗衰+抗氧化_中活跃中频高消费
U00041002,中价值_抗衰+抗氧化_中活跃中频高消费
U00041005,中价值_抗衰+抗氧化_中活跃中频高消费
U00041351,中价值_抗衰+抗氧化_中活跃中频高消费
U00041494,中价值_抗衰+抗氧化_中活跃中频高消费
U00041610,中价值_抗衰+抗氧化_中活跃中频高消费
U00041677,中价值_抗衰+抗氧化_中活跃中频高消费
U00041733,中价值_抗衰+抗氧化_中活跃中频高消费
U00041770,中价值_抗衰+抗氧化_中活跃中频高消费
U00041840,中价值_抗衰+抗氧化_中活跃中频高消费
U00041968,中价值_抗衰+抗氧化_中活跃中频高消费
U00042081,中价值_抗衰+抗氧化_中活跃中频高消费
U00042135,中价值_抗衰+抗氧化_中活跃中频高消费
U00042304,中价值_抗衰+抗氧化_中活跃中频高消费
U00042312,中价值_抗衰+抗氧化_中活跃中频高消费
U00042528,中价值_抗衰+抗氧化_中活跃中频高消费
U00042623,中价值_抗衰+抗氧化_中活跃中频高消费
U00042642,中价值_抗衰+抗氧化_中活跃中频高消费
U00042722,中价值_抗衰+抗氧化_中活跃中频高消费
U00043013,中价值_抗衰+抗氧化_中活跃中频高消费
U00043639,中价值_抗衰+抗氧化_中活跃中频高消费
U00043750,中价值_抗衰+抗氧化_中活跃中频高消费
U00043894,中价值_抗衰+抗氧化_中活跃中频高消费
U00043901,中价值_抗衰+抗氧化_中活跃中频高消费
U00044216,中价值_抗衰+抗氧化_中活跃中频高消费
U00044733,中价值_抗衰+抗氧化_中活跃中频高消费
U00044777,中价值_抗衰+抗氧化_中活跃中频高消费
U00044997,中价值_抗衰+抗氧化_中活跃中频高消费
U00045039,中价值_抗衰+抗氧化_中活跃中频高消费
U00045047,中价值_抗衰+抗氧化_中活跃中频高消费
U00045098,中价值_抗衰+抗氧化_中活跃中频高消费
U00046086,中价值_抗衰+抗氧化_中活跃中频高消费
U00046345,中价值_抗衰+抗氧化_中活跃中频高消费
U00046467,中价值_抗衰+抗氧化_中活跃中频高消费
U00046527,中价值_抗衰+抗氧化_中活跃中频高消费
U00046605,中价值_抗衰+抗氧化_中活跃中频高消费
U00046627,中价值_抗衰+抗氧化_中活跃中频高消费
U00046773,中价值_抗衰+抗氧化_中活跃中频高消费
U00046969,中价值_抗衰+抗氧化_中活跃中频高消费
U00047015,中价值_抗衰+抗氧化_中活跃中频高消费
U00047041,中价值_抗衰+抗氧化_中活跃中频高消费
U00047232,中价值_抗衰+抗氧化_中活跃中频高消费
U00047241,中价值_抗衰+抗氧化_中活跃中频高消费
U00047326,中价值_抗衰+抗氧化_中活跃中频高消费
U00047403,中价值_抗衰+抗氧化_中活跃中频高消费
U00047575,中价值_抗衰+抗氧化_中活跃中频高消费
U00047750,中价值_抗衰+抗氧化_中活跃中频高消费
U00047784,中价值_抗衰+抗氧化_中活跃中频高消费
U00047975,中价值_抗衰+抗氧化_中活跃中频高消费
U00048005,中价值_抗衰+抗氧化_中活跃中频高消费
U00048051,中价值_抗衰+抗氧化_中活跃中频高消费
U00048067,中价值_抗衰+抗氧化_中活跃中频高消费
U00048294,中价值_抗衰+抗氧化_中活跃中频高消费
U00048298,中价值_抗衰+抗氧化_中活跃中频高消费
U00048376,中价值_抗衰+抗氧化_中活跃中频高消费
U00048408,中价值_抗衰+抗氧化_中活跃中频高消费
U00048517,中价值_抗衰+抗氧化_中活跃中频高消费
U00048702,中价值_抗衰+抗氧化_中活跃中频高消费
U00048887,中价值_抗衰+抗氧化_中活跃中频高消费
U00048958,中价值_抗衰+抗氧化_中活跃中频高消费
U00048962,中价值_抗衰+抗氧化_中活跃中频高消费
U00049021,中价值_抗衰+抗氧化_中活跃中频高消费
U00049187,中价值_抗衰+抗氧化_中活跃中频高消费
U00049297,中价值_抗衰+抗氧化_中活跃中频高消费
U00049491,中价值_抗衰+抗氧化_中活跃中频高消费
U00049605,中价值_抗衰+抗氧化_中活跃中频高消费
U00049717,中价值_抗衰+抗氧化_中活跃中频高消费
U00049728,中价值_抗衰+抗氧化_中活跃中频高消费
U00049826,中价值_抗衰+抗氧化_中活跃中频高消费
U00050057,中价值_抗衰+抗氧化_中活跃中频高消费
U00050266,中价值_抗衰+抗氧化_中活跃中频高消费
U00050309,中价值_抗衰+抗氧化_中活跃中频高消费
U00050416,中价值_抗衰+抗氧化_中活跃中频高消费
U00050465,中价值_抗衰+抗氧化_中活跃中频高消费
U00050540,中价值_抗衰+抗氧化_中活跃中频高消费
U00050549,中价值_抗衰+抗氧化_中活跃中频高消费
U00050624,中价值_抗衰+抗氧化_中活跃中频高消费
U00050687,中价值_抗衰+抗氧化_中活跃中频高消费
U00050704,中价值_抗衰+抗氧化_中活跃中频高消费
U00050725,中价值_抗衰+抗氧化_中活跃中频高消费
U00050833,中价值_抗衰+抗氧化_中活跃中频高消费
U00050928,中价值_抗衰+抗氧化_中活跃中频高消费
U00050941,中价值_抗衰+抗氧化_中活跃中频高消费
U00050980,中价值_抗衰+抗氧化_中活跃中频高消费
U00051024,中价值_抗衰+抗氧化_中活跃中频高消费
U00051406,中价值_抗衰+抗氧化_中活跃中频高消费
U00051700,中价值_抗衰+抗氧化_中活跃中频高消费
U00051731,中价值_抗衰+抗氧化_中活跃中频高消费
U00052098,中价值_抗衰+抗氧化_中活跃中频高消费
U00052184,中价值_抗衰+抗氧化_中活跃中频高消费
U00052187,中价值_抗衰+抗氧化_中活跃中频高消费
U00052412,中价值_抗衰+抗氧化_中活跃中频高消费
U00052550,中价值_抗衰+抗氧化_中活跃中频高消费
U00052748,中价值_抗衰+抗氧化_中活跃中频高消费
U00052775,中价值_抗衰+抗氧化_中活跃中频高消费
U00052842,中价值_抗衰+抗氧化_中活跃中频高消费
U00052937,中价值_抗衰+抗氧化_中活跃中频高消费
U00053088,中价值_抗衰+抗氧化_中活跃中频高消费
U00053096,中价值_抗衰+抗氧化_中活跃中频高消费
U00053185,中价值_抗衰+抗氧化_中活跃中频高消费
U00053217,中价值_抗衰+抗氧化_中活跃中频高消费
U00053244,中价值_抗衰+抗氧化_中活跃中频高消费
U00053388,中价值_抗衰+抗氧化_中活跃中频高消费
U00053401,中价值_抗衰+抗氧化_中活跃中频高消费
U00053423,中价值_抗衰+抗氧化_中活跃中频高消费
U00053690,中价值_抗衰+抗氧化_中活跃中频高消费
U00053760,中价值_抗衰+抗氧化_中活跃中频高消费
U00053799,中价值_抗衰+抗氧化_中活跃中频高消费
U00053902,中价值_抗衰+抗氧化_中活跃中频高消费
U00054070,中价值_抗衰+抗氧化_中活跃中频高消费
U00054160,中价值_抗衰+抗氧化_中活跃中频高消费
U00054260,中价值_抗衰+抗氧化_中活跃中频高消费
U00054695,中价值_抗衰+抗氧化_中活跃中频高消费
U00054839,中价值_抗衰+抗氧化_中活跃中频高消费
U00054914,中价值_抗衰+抗氧化_中活跃中频高消费
U00055128,中价值_抗衰+抗氧化_中活跃中频高消费
U00055198,中价值_抗衰+抗氧化_中活跃中频高消费
U00055199,中价值_抗衰+抗氧化_中活跃中频高消费
U00055219,中价值_抗衰+抗氧化_中活跃中频高消费
U00055226,中价值_抗衰+抗氧化_中活跃中频高消费
U00055316,中价值_抗衰+抗氧化_中活跃中频高消费
U00055339,中价值_抗衰+抗氧化_中活跃中频高消费
U00055394,中价值_抗衰+抗氧化_中活跃中频高消费
U00055511,中价值_抗衰+抗氧化_中活跃中频高消费
U00055652,中价值_抗衰+抗氧化_中活跃中频高消费
U00055706,中价值_抗衰+抗氧化_中活跃中频高消费
U00055770,中价值_抗衰+抗氧化_中活跃中频高消费
U00055973,中价值_抗衰+抗氧化_中活跃中频高消费
U00056052,中价值_抗衰+抗氧化_中活跃中频高消费
U00056079,中价值_抗衰+抗氧化_中活跃中频高消费
U00056109,中价值_抗衰+抗氧化_中活跃中频高消费
U00056110,中价值_抗衰+抗氧化_中活跃中频高消费
U00056157,中价值_抗衰+抗氧化_中活跃中频高消费
U00056458,中价值_抗衰+抗氧化_中活跃中频高消费
U00056610,中价值_抗衰+抗氧化_中活跃中频高消费
U00056886,中价值_抗衰+抗氧化_中活跃中频高消费
U00057009,中价值_抗衰+抗氧化_中活跃中频高消费
U00057184,中价值_抗衰+抗氧化_中活跃中频高消费
U00057410,中价值_抗衰+抗氧化_中活跃中频高消费
U00057457,中价值_抗衰+抗氧化_中活跃中频高消费
U00057492,中价值_抗衰+抗氧化_中活跃中频高消费
U00057728,中价值_抗衰+抗氧化_中活跃中频高消费
U00058073,中价值_抗衰+抗氧化_中活跃中频高消费
U00058117,中价值_抗衰+抗氧化_中活跃中频高消费
U00058149,中价值_抗衰+抗氧化_中活跃中频高消费
U00058315,中价值_抗衰+抗氧化_中活跃中频高消费
U00058399,中价值_抗衰+抗氧化_中活跃中频高消费
U00058432,中价值_抗衰+抗氧化_中活跃中频高消费
U00058473,中价值_抗衰+抗氧化_中活跃中频高消费
U00058484,中价值_抗衰+抗氧化_中活跃中频高消费
U00058590,中价值_抗衰+抗氧化_中活跃中频高消费
U00058637,中价值_抗衰+抗氧化_中活跃中频高消费
U00058689,中价值_抗衰+抗氧化_中活跃中频高消费
U00058968,中价值_抗衰+抗氧化_中活跃中频高消费
U00059036,中价值_抗衰+抗氧化_中活跃中频高消费
U00059116,中价值_抗衰+抗氧化_中活跃中频高消费
U00059338,中价值_抗衰+抗氧化_中活跃中频高消费
U00059730,中价值_抗衰+抗氧化_中活跃中频高消费
U00059878,中价值_抗衰+抗氧化_中活跃中频高消费
U00059992,中价值_抗衰+抗氧化_中活跃中频高消费
U00060119,中价值_抗衰+抗氧化_中活跃中频高消费
U00060212,中价值_抗衰+抗氧化_中活跃中频高消费
U00060299,中价值_抗衰+抗氧化_中活跃中频高消费
U00060328,中价值_抗衰+抗氧化_中活跃中频高消费
U00060466,中价值_抗衰+抗氧化_中活跃中频高消费
U00060634,中价值_抗衰+抗氧化_中活跃中频高消费
U00060658,中价值_抗衰+抗氧化_中活跃中频高消费
U00060709,中价值_抗衰+抗氧化_中活跃中频高消费
U00060778,中价值_抗衰+抗氧化_中活跃中频高消费
U00060785,中价值_抗衰+抗氧化_中活跃中频高消费
U00060878,中价值_抗衰+抗氧化_中活跃中频高消费
U00060987,中价值_抗衰+抗氧化_中活跃中频高消费
U00061050,中价值_抗衰+抗氧化_中活跃中频高消费
U00061112,中价值_抗衰+抗氧化_中活跃中频高消费
U00061168,中价值_抗衰+抗氧化_中活跃中频高消费
U00061199,中价值_抗衰+抗氧化_中活跃中频高消费
U00061478,中价值_抗衰+抗氧化_中活跃中频高消费
U00061641,中价值_抗衰+抗氧化_中活跃中频高消费
U00061956,中价值_抗衰+抗氧化_中活跃中频高消费
U00061972,中价值_抗衰+抗氧化_中活跃中频高消费
U00062067,中价值_抗衰+抗氧化_中活跃中频高消费
U00062255,中价值_抗衰+抗氧化_中活跃中频高消费
U00062257,中价值_抗衰+抗氧化_中活跃中频高消费
U00062459,中价值_抗衰+抗氧化_中活跃中频高消费
U00062519,中价值_抗衰+抗氧化_中活跃中频高消费
U00062524,中价值_抗衰+抗氧化_中活跃中频高消费
U00062604,中价值_抗衰+抗氧化_中活跃中频高消费
U00062616,中价值_抗衰+抗氧化_中活跃中频高消费
U00062633,中价值_抗衰+抗氧化_中活跃中频高消费
U00062650,中价值_抗衰+抗氧化_中活跃中频高消费
U00062726,中价值_抗衰+抗氧化_中活跃中频高消费
U00062742,中价值_抗衰+抗氧化_中活跃中频高消费
U00062935,中价值_抗衰+抗氧化_中活跃中频高消费
U00062964,中价值_抗衰+抗氧化_中活跃中频高消费
U00063159,中价值_抗衰+抗氧化_中活跃中频高消费
U00063315,中价值_抗衰+抗氧化_中活跃中频高消费
U00063350,中价值_抗衰+抗氧化_中活跃中频高消费
U00063507,中价值_抗衰+抗氧化_中活跃中频高消费
U00063612,中价值_抗衰+抗氧化_中活跃中频高消费
U00063620,中价值_抗衰+抗氧化_中活跃中频高消费
U00063673,中价值_抗衰+抗氧化_中活跃中频高消费
U00063857,中价值_抗衰+抗氧化_中活跃中频高消费
U00063953,中价值_抗衰+抗氧化_中活跃中频高消费
U00063997,中价值_抗衰+抗氧化_中活跃中频高消费
U00064024,中价值_抗衰+抗氧化_中活跃中频高消费
U00064058,中价值_抗衰+抗氧化_中活跃中频高消费
U00064071,中价值_抗衰+抗氧化_中活跃中频高消费
U00064146,中价值_抗衰+抗氧化_中活跃中频高消费
U00064467,中价值_抗衰+抗氧化_中活跃中频高消费
U00064698,中价值_抗衰+抗氧化_中活跃中频高消费
U00064841,中价值_抗衰+抗氧化_中活跃中频高消费
U00064843,中价值_抗衰+抗氧化_中活跃中频高消费
U00065232,中价值_抗衰+抗氧化_中活跃中频高消费
U00065285,中价值_抗衰+抗氧化_中活跃中频高消费
U00065612,中价值_抗衰+抗氧化_中活跃中频高消费
U00065734,中价值_抗衰+抗氧化_中活跃中频高消费
U00065749,中价值_抗衰+抗氧化_中活跃中频高消费
U00065813,中价值_抗衰+抗氧化_中活跃中频高消费
U00065818,中价值_抗衰+抗氧化_中活跃中频高消费
U00065879,中价值_抗衰+抗氧化_中活跃中频高消费
U00065955,中价值_抗衰+抗氧化_中活跃中频高消费
U00066141,中价值_抗衰+抗氧化_中活跃中频高消费
U00066243,中价值_抗衰+抗氧化_中活跃中频高消费
U00066266,中价值_抗衰+抗氧化_中活跃中频高消费
U00066294,中价值_抗衰+抗氧化_中活跃中频高消费
U00066330,中价值_抗衰+抗氧化_中活跃中频高消费
U00066415,中价值_抗衰+抗氧化_中活跃中频高消费
U00066420,中价值_抗衰+抗氧化_中活跃中频高消费
U00066433,中价值_抗衰+抗氧化_中活跃中频高消费
U00066441,中价值_抗衰+抗氧化_中活跃中频高消费
U00066467,中价值_抗衰+抗氧化_中活跃中频高消费
U00066598,中价值_抗衰+抗氧化_中活跃中频高消费
U00066611,中价值_抗衰+抗氧化_中活跃中频高消费
U00067247,中价值_抗衰+抗氧化_中活跃中频高消费
U00067254,中价值_抗衰+抗氧化_中活跃中频高消费
U00067349,中价值_抗衰+抗氧化_中活跃中频高消费
U00067353,中价值_抗衰+抗氧化_中活跃中频高消费
U00067364,中价值_抗衰+抗氧化_中活跃中频高消费
U00067384,中价值_抗衰+抗氧化_中活跃中频高消费
U00067414,中价值_抗衰+抗氧化_中活跃中频高消费
U00067642,中价值_抗衰+抗氧化_中活跃中频高消费
U00068040,中价值_抗衰+抗氧化_中活跃中频高消费
U00068100,中价值_抗衰+抗氧化_中活跃中频高消费
U00068108,中价值_抗衰+抗氧化_中活跃中频高消费
U00068209,中价值_抗衰+抗氧化_中活跃中频高消费
U00068432,中价值_抗衰+抗氧化_中活跃中频高消费
U00068646,中价值_抗衰+抗氧化_中活跃中频高消费
U00068794,中价值_抗衰+抗氧化_中活跃中频高消费
U00068842,中价值_抗衰+抗氧化_中活跃中频高消费
U00068869,中价值_抗衰+抗氧化_中活跃中频高消费
U00068905,中价值_抗衰+抗氧化_中活跃中频高消费
U00068982,中价值_抗衰+抗氧化_中活跃中频高消费
U00069028,中价值_抗衰+抗氧化_中活跃中频高消费
U00069044,中价值_抗衰+抗氧化_中活跃中频高消费
U00069062,中价值_抗衰+抗氧化_中活跃中频高消费
U00069065,中价值_抗衰+抗氧化_中活跃中频高消费
U00069194,中价值_抗衰+抗氧化_中活跃中频高消费
U00069209,中价值_抗衰+抗氧化_中活跃中频高消费
U00069273,中价值_抗衰+抗氧化_中活跃中频高消费
U00069314,中价值_抗衰+抗氧化_中活跃中频高消费
U00069345,中价值_抗衰+抗氧化_中活跃中频高消费
U00069389,中价值_抗衰+抗氧化_中活跃中频高消费
U00069481,中价值_抗衰+抗氧化_中活跃中频高消费
U00069748,中价值_抗衰+抗氧化_中活跃中频高消费
U00069799,中价值_抗衰+抗氧化_中活跃中频高消费
U00069848,中价值_抗衰+抗氧化_中活跃中频高消费
U00069880,中价值_抗衰+抗氧化_中活跃中频高消费
U00069988,中价值_抗衰+抗氧化_中活跃中频高消费
U00069992,中价值_抗衰+抗氧化_中活跃中频高消费
U00070228,中价值_抗衰+抗氧化_中活跃中频高消费
U00070928,中价值_抗衰+抗氧化_中活跃中频高消费
U00070961,中价值_抗衰+抗氧化_中活跃中频高消费
U00071173,中价值_抗衰+抗氧化_中活跃中频高消费
U00071199,中价值_抗衰+抗氧化_中活跃中频高消费
U00071363,中价值_抗衰+抗氧化_中活跃中频高消费
U00071369,中价值_抗衰+抗氧化_中活跃中频高消费
U00071399,中价值_抗衰+抗氧化_中活跃中频高消费
U00071429,中价值_抗衰+抗氧化_中活跃中频高消费
U00071432,中价值_抗衰+抗氧化_中活跃中频高消费
U00071515,中价值_抗衰+抗氧化_中活跃中频高消费
U00071521,中价值_抗衰+抗氧化_中活跃中频高消费
U00071816,中价值_抗衰+抗氧化_中活跃中频高消费
U00071863,中价值_抗衰+抗氧化_中活跃中频高消费
U00072039,中价值_抗衰+抗氧化_中活跃中频高消费
U00072062,中价值_抗衰+抗氧化_中活跃中频高消费
U00072115,中价值_抗衰+抗氧化_中活跃中频高消费
U00072300,中价值_抗衰+抗氧化_中活跃中频高消费
U00072363,中价值_抗衰+抗氧化_中活跃中频高消费
U00072412,中价值_抗衰+抗氧化_中活跃中频高消费
U00072435,中价值_抗衰+抗氧化_中活跃中频高消费
U00072887,中价值_抗衰+抗氧化_中活跃中频高消费
U00072898,中价值_抗衰+抗氧化_中活跃中频高消费
U00072951,中价值_抗衰+抗氧化_中活跃中频高消费
U00073145,中价值_抗衰+抗氧化_中活跃中频高消费
U00073171,中价值_抗衰+抗氧化_中活跃中频高消费
U00073249,中价值_抗衰+抗氧化_中活跃中频高消费
U00073268,中价值_抗衰+抗氧化_中活跃中频高消费
U00073315,中价值_抗衰+抗氧化_中活跃中频高消费
U00073390,中价值_抗衰+抗氧化_中活跃中频高消费
U00073433,中价值_抗衰+抗氧化_中活跃中频高消费
U00073462,中价值_抗衰+抗氧化_中活跃中频高消费
U00073476,中价值_抗衰+抗氧化_中活跃中频高消费
U00073497,中价值_抗衰+抗氧化_中活跃中频高消费
U00073660,中价值_抗衰+抗氧化_中活跃中频高消费
U00073720,中价值_抗衰+抗氧化_中活跃中频高消费
U00073770,中价值_抗衰+抗氧化_中活跃中频高消费
U00073934,中价值_抗衰+抗氧化_中活跃中频高消费
U00074184,中价值_抗衰+抗氧化_中活跃中频高消费
U00074343,中价值_抗衰+抗氧化_中活跃中频高消费
U00074451,中价值_抗衰+抗氧化_中活跃中频高消费
U00074463,中价值_抗衰+抗氧化_中活跃中频高消费
U00074671,中价值_抗衰+抗氧化_中活跃中频高消费
U00074787,中价值_抗衰+抗氧化_中活跃中频高消费
U00074819,中价值_抗衰+抗氧化_中活跃中频高消费
U00074983,中价值_抗衰+抗氧化_中活跃中频高消费
U00075172,中价值_抗衰+抗氧化_中活跃中频高消费
U00075332,中价值_抗衰+抗氧化_中活跃中频高消费
U00075384,中价值_抗衰+抗氧化_中活跃中频高消费
U00075543,中价值_抗衰+抗氧化_中活跃中频高消费
U00075690,中价值_抗衰+抗氧化_中活跃中频高消费
U00075738,中价值_抗衰+抗氧化_中活跃中频高消费
U00075785,中价值_抗衰+抗氧化_中活跃中频高消费
U00075816,中价值_抗衰+抗氧化_中活跃中频高消费
U00075882,中价值_抗衰+抗氧化_中活跃中频高消费
U00075980,中价值_抗衰+抗氧化_中活跃中频高消费
U00076118,中价值_抗衰+抗氧化_中活跃中频高消费
U00076620,中价值_抗衰+抗氧化_中活跃中频高消费
U00076923,中价值_抗衰+抗氧化_中活跃中频高消费
U00076952,中价值_抗衰+抗氧化_中活跃中频高消费
U00077026,中价值_抗衰+抗氧化_中活跃中频高消费
U00077116,中价值_抗衰+抗氧化_中活跃中频高消费
U00077146,中价值_抗衰+抗氧化_中活跃中频高消费
U00077194,中价值_抗衰+抗氧化_中活跃中频高消费
U00077285,中价值_抗衰+抗氧化_中活跃中频高消费
U00077289,中价值_抗衰+抗氧化_中活跃中频高消费
U00077423,中价值_抗衰+抗氧化_中活跃中频高消费
U00077444,中价值_抗衰+抗氧化_中活跃中频高消费
U00077510,中价值_抗衰+抗氧化_中活跃中频高消费
U00077522,中价值_抗衰+抗氧化_中活跃中频高消费
U00077605,中价值_抗衰+抗氧化_中活跃中频高消费
U00077876,中价值_抗衰+抗氧化_中活跃中频高消费
U00077884,中价值_抗衰+抗氧化_中活跃中频高消费
U00077898,中价值_抗衰+抗氧化_中活跃中频高消费
U00077941,中价值_抗衰+抗氧化_中活跃中频高消费
U00077946,中价值_抗衰+抗氧化_中活跃中频高消费
U00078185,中价值_抗衰+抗氧化_中活跃中频高消费
U00078267,中价值_抗衰+抗氧化_中活跃中频高消费
U00078776,中价值_抗衰+抗氧化_中活跃中频高消费
U00078836,中价值_抗衰+抗氧化_中活跃中频高消费
U00078842,中价值_抗衰+抗氧化_中活跃中频高消费
U00078914,中价值_抗衰+抗氧化_中活跃中频高消费
U00078938,中价值_抗衰+抗氧化_中活跃中频高消费
U00079035,中价值_抗衰+抗氧化_中活跃中频高消费
U00079064,中价值_抗衰+抗氧化_中活跃中频高消费
U00079111,中价值_抗衰+抗氧化_中活跃中频高消费
U00079363,中价值_抗衰+抗氧化_中活跃中频高消费
U00079717,中价值_抗衰+抗氧化_中活跃中频高消费
U00079739,中价值_抗衰+抗氧化_中活跃中频高消费
U00079902,中价值_抗衰+抗氧化_中活跃中频高消费
U00079927,中价值_抗衰+抗氧化_中活跃中频高消费
U00079962,中价值_抗衰+抗氧化_中活跃中频高消费
U00079964,中价值_抗衰+抗氧化_中活跃中频高消费
U00080067,中价值_抗衰+抗氧化_中活跃中频高消费
U00080084,中价值_抗衰+抗氧化_中活跃中频高消费
U00080106,中价值_抗衰+抗氧化_中活跃中频高消费
U00080107,中价值_抗衰+抗氧化_中活跃中频高消费
U00080296,中价值_抗衰+抗氧化_中活跃中频高消费
U00080325,中价值_抗衰+抗氧化_中活跃中频高消费
U00080411,中价值_抗衰+抗氧化_中活跃中频高消费
U00080439,中价值_抗衰+抗氧化_中活跃中频高消费
U00080460,中价值_抗衰+抗氧化_中活跃中频高消费
U00080713,中价值_抗衰+抗氧化_中活跃中频高消费
U00080757,中价值_抗衰+抗氧化_中活跃中频高消费
U00080799,中价值_抗衰+抗氧化_中活跃中频高消费
U00080901,中价值_抗衰+抗氧化_中活跃中频高消费
U00081359,中价值_抗衰+抗氧化_中活跃中频高消费
U00081463,中价值_抗衰+抗氧化_中活跃中频高消费
U00081626,中价值_抗衰+抗氧化_中活跃中频高消费
U00081884,中价值_抗衰+抗氧化_中活跃中频高消费
U00081913,中价值_抗衰+抗氧化_中活跃中频高消费
U00081969,中价值_抗衰+抗氧化_中活跃中频高消费
U00081970,中价值_抗衰+抗氧化_中活跃中频高消费
U00081999,中价值_抗衰+抗氧化_中活跃中频高消费
U00082048,中价值_抗衰+抗氧化_中活跃中频高消费
U00082092,中价值_抗衰+抗氧化_中活跃中频高消费
U00082180,中价值_抗衰+抗氧化_中活跃中频高消费
U00082223,中价值_抗衰+抗氧化_中活跃中频高消费
U00082446,中价值_抗衰+抗氧化_中活跃中频高消费
U00082790,中价值_抗衰+抗氧化_中活跃中频高消费
U00082804,中价值_抗衰+抗氧化_中活跃中频高消费
U00082821,中价值_抗衰+抗氧化_中活跃中频高消费
U00082882,中价值_抗衰+抗氧化_中活跃中频高消费
U00082954,中价值_抗衰+抗氧化_中活跃中频高消费
U00083241,中价值_抗衰+抗氧化_中活跃中频高消费
U00083663,中价值_抗衰+抗氧化_中活跃中频高消费
U00083681,中价值_抗衰+抗氧化_中活跃中频高消费
U00083748,中价值_抗衰+抗氧化_中活跃中频高消费
U00083804,中价值_抗衰+抗氧化_中活跃中频高消费
U00083868,中价值_抗衰+抗氧化_中活跃中频高消费
U00084410,中价值_抗衰+抗氧化_中活跃中频高消费
U00084745,中价值_抗衰+抗氧化_中活跃中频高消费
U00084816,中价值_抗衰+抗氧化_中活跃中频高消费
U00085119,中价值_抗衰+抗氧化_中活跃中频高消费
U00085413,中价值_抗衰+抗氧化_中活跃中频高消费
U00085466,中价值_抗衰+抗氧化_中活跃中频高消费
U00085700,中价值_抗衰+抗氧化_中活跃中频高消费
U00085770,中价值_抗衰+抗氧化_中活跃中频高消费
U00085998,中价值_抗衰+抗氧化_中活跃中频高消费
U00086156,中价值_抗衰+抗氧化_中活跃中频高消费
U00086199,中价值_抗衰+抗氧化_中活跃中频高消费
U00086204,中价值_抗衰+抗氧化_中活跃中频高消费
U00086217,中价值_抗衰+抗氧化_中活跃中频高消费
U00086288,中价值_抗衰+抗氧化_中活跃中频高消费
U00086292,中价值_抗衰+抗氧化_中活跃中频高消费
U00086503,中价值_抗衰+抗氧化_中活跃中频高消费
U00086611,中价值_抗衰+抗氧化_中活跃中频高消费
U00086634,中价值_抗衰+抗氧化_中活跃中频高消费
U00086737,中价值_抗衰+抗氧化_中活跃中频高消费
U00086773,中价值_抗衰+抗氧化_中活跃中频高消费
U00086937,中价值_抗衰+抗氧化_中活跃中频高消费
U00086978,中价值_抗衰+抗氧化_中活跃中频高消费
U00087164,中价值_抗衰+抗氧化_中活跃中频高消费
U00087169,中价值_抗衰+抗氧化_中活跃中频高消费
U00087340,中价值_抗衰+抗氧化_中活跃中频高消费
U00087348,中价值_抗衰+抗氧化_中活跃中频高消费
U00087362,中价值_抗衰+抗氧化_中活跃中频高消费
U00087731,中价值_抗衰+抗氧化_中活跃中频高消费
U00087968,中价值_抗衰+抗氧化_中活跃中频高消费
U00088198,中价值_抗衰+抗氧化_中活跃中频高消费
U00088225,中价值_抗衰+抗氧化_中活跃中频高消费
U00088268,中价值_抗衰+抗氧化_中活跃中频高消费
U00088299,中价值_抗衰+抗氧化_中活跃中频高消费
U00088381,中价值_抗衰+抗氧化_中活跃中频高消费
U00088384,中价值_抗衰+抗氧化_中活跃中频高消费
U00088643,中价值_抗衰+抗氧化_中活跃中频高消费
U00088678,中价值_抗衰+抗氧化_中活跃中频高消费
U00088746,中价值_抗衰+抗氧化_中活跃中频高消费
U00088756,中价值_抗衰+抗氧化_中活跃中频高消费
U00088855,中价值_抗衰+抗氧化_中活跃中频高消费
U00089205,中价值_抗衰+抗氧化_中活跃中频高消费
U00089237,中价值_抗衰+抗氧化_中活跃中频高消费
U00089461,中价值_抗衰+抗氧化_中活跃中频高消费
U00089526,中价值_抗衰+抗氧化_中活跃中频高消费
U00089527,中价值_抗衰+抗氧化_中活跃中频高消费
U00089588,中价值_抗衰+抗氧化_中活跃中频高消费
U00089703,中价值_抗衰+抗氧化_中活跃中频高消费
U00089718,中价值_抗衰+抗氧化_中活跃中频高消费
U00089940,中价值_抗衰+抗氧化_中活跃中频高消费
U00089989,中价值_抗衰+抗氧化_中活跃中频高消费
U00090076,中价值_抗衰+抗氧化_中活跃中频高消费
U00090095,中价值_抗衰+抗氧化_中活跃中频高消费
U00090208,中价值_抗衰+抗氧化_中活跃中频高消费
U00090246,中价值_抗衰+抗氧化_中活跃中频高消费
U00091062,中价值_抗衰+抗氧化_中活跃中频高消费
U00091116,中价值_抗衰+抗氧化_中活跃中频高消费
U00091307,中价值_抗衰+抗氧化_中活跃中频高消费
U00091448,中价值_抗衰+抗氧化_中活跃中频高消费
U00091607,中价值_抗衰+抗氧化_中活跃中频高消费
U00091767,中价值_抗衰+抗氧化_中活跃中频高消费
U00091821,中价值_抗衰+抗氧化_中活跃中频高消费
U00091927,中价值_抗衰+抗氧化_中活跃中频高消费
U00091998,中价值_抗衰+抗氧化_中活跃中频高消费
U00092078,中价值_抗衰+抗氧化_中活跃中频高消费
U00092312,中价值_抗衰+抗氧化_中活跃中频高消费
U00092458,中价值_抗衰+抗氧化_中活跃中频高消费
U00092580,中价值_抗衰+抗氧化_中活跃中频高消费
U00092665,中价值_抗衰+抗氧化_中活跃中频高消费
U00092698,中价值_抗衰+抗氧化_中活跃中频高消费
U00092766,中价值_抗衰+抗氧化_中活跃中频高消费
U00092918,中价值_抗衰+抗氧化_中活跃中频高消费
U00092954,中价值_抗衰+抗氧化_中活跃中频高消费
U00093009,中价值_抗衰+抗氧化_中活跃中频高消费
U00093204,中价值_抗衰+抗氧化_中活跃中频高消费
U00093346,中价值_抗衰+抗氧化_中活跃中频高消费
U00093425,中价值_抗衰+抗氧化_中活跃中频高消费
U00093545,中价值_抗衰+抗氧化_中活跃中频高消费
U00093739,中价值_抗衰+抗氧化_中活跃中频高消费
U00093766,中价值_抗衰+抗氧化_中活跃中频高消费
U00093908,中价值_抗衰+抗氧化_中活跃中频高消费
U00093950,中价值_抗衰+抗氧化_中活跃中频高消费
U00094119,中价值_抗衰+抗氧化_中活跃中频高消费
U00094398,中价值_抗衰+抗氧化_中活跃中频高消费
U00094568,中价值_抗衰+抗氧化_中活跃中频高消费
U00094718,中价值_抗衰+抗氧化_中活跃中频高消费
U00094961,中价值_抗衰+抗氧化_中活跃中频高消费
U00095100,中价值_抗衰+抗氧化_中活跃中频高消费
U00095181,中价值_抗衰+抗氧化_中活跃中频高消费
U00095190,中价值_抗衰+抗氧化_中活跃中频高消费
U00095343,中价值_抗衰+抗氧化_中活跃中频高消费
U00095771,中价值_抗衰+抗氧化_中活跃中频高消费
U00095783,中价值_抗衰+抗氧化_中活跃中频高消费
U00095807,中价值_抗衰+抗氧化_中活跃中频高消费
U00095937,中价值_抗衰+抗氧化_中活跃中频高消费
U00095943,中价值_抗衰+抗氧化_中活跃中频高消费
U00096011,中价值_抗衰+抗氧化_中活跃中频高消费
U00096381,中价值_抗衰+抗氧化_中活跃中频高消费
U00096413,中价值_抗衰+抗氧化_中活跃中频高消费
U00096923,中价值_抗衰+抗氧化_中活跃中频高消费
U00096976,中价值_抗衰+抗氧化_中活跃中频高消费
U00097110,中价值_抗衰+抗氧化_中活跃中频高消费
U00097123,中价值_抗衰+抗氧化_中活跃中频高消费
U00097315,中价值_抗衰+抗氧化_中活跃中频高消费
U00097337,中价值_抗衰+抗氧化_中活跃中频高消费
U00097363,中价值_抗衰+抗氧化_中活跃中频高消费
U00097404,中价值_抗衰+抗氧化_中活跃中频高消费
U00097461,中价值_抗衰+抗氧化_中活跃中频高消费
U00097534,中价值_抗衰+抗氧化_中活跃中频高消费
U00097667,中价值_抗衰+抗氧化_中活跃中频高消费
U00097966,中价值_抗衰+抗氧化_中活跃中频高消费
U00098071,中价值_抗衰+抗氧化_中活跃中频高消费
U00098161,中价值_抗衰+抗氧化_中活跃中频高消费
U00098185,中价值_抗衰+抗氧化_中活跃中频高消费
U00098236,中价值_抗衰+抗氧化_中活跃中频高消费
U00098379,中价值_抗衰+抗氧化_中活跃中频高消费
U00098450,中价值_抗衰+抗氧化_中活跃中频高消费
U00098472,中价值_抗衰+抗氧化_中活跃中频高消费
U00098476,中价值_抗衰+抗氧化_中活跃中频高消费
U00098537,中价值_抗衰+抗氧化_中活跃中频高消费
U00098828,中价值_抗衰+抗氧化_中活跃中频高消费
U00098920,中价值_抗衰+抗氧化_中活跃中频高消费
U00099110,中价值_抗衰+抗氧化_中活跃中频高消费
U00099139,中价值_抗衰+抗氧化_中活跃中频高消费
U00099167,中价值_抗衰+抗氧化_中活跃中频高消费
U00099404,中价值_抗衰+抗氧化_中活跃中频高消费
U00099465,中价值_抗衰+抗氧化_中活跃中频高消费
U00099485,中价值_抗衰+抗氧化_中活跃中频高消费
U00099499,中价值_抗衰+抗氧化_中活跃中频高消费
U00099521,中价值_抗衰+抗氧化_中活跃中频高消费
U00099719,中价值_抗衰+抗氧化_中活跃中频高消费
U00099903,中价值_抗衰+抗氧化_中活跃中频高消费
U00099994,中价值_抗衰+抗氧化_中活跃中频高消费
